<?xml version="1.0" encoding="UTF-8"?>
<project-private xmlns="http://www.netbeans.org/ns/project-private/1">
    <editor-bookmarks xmlns="http://www.netbeans.org/ns/editor-bookmarks/2" lastBookmarkId="0"/>
    <open-files xmlns="http://www.netbeans.org/ns/projectui-open-files/2">
        <group>
            <file>file:/C:/DOC/uopeople/java/JavaElementery/code/PayrollSystem/src/payrollsystem/Vehicle.java</file>
            <file>file:/C:/DOC/uopeople/java/JavaElementery/code/PayrollSystem/src/payrollsystem/Employee.java</file>
            <file>file:/C:/DOC/uopeople/java/JavaElementery/code/PayrollSystem/src/payrollsystem/FullTime.java</file>
            <file>file:/C:/DOC/uopeople/java/JavaElementery/code/PayrollSystem/src/payrollsystem/PartTime.java</file>
            <file>file:/C:/DOC/uopeople/java/JavaElementery/code/PayrollSystem/src/payrollsystem/PayrollSystem.java</file>
        </group>
    </open-files>
</project-private>
